{"seed": 1520977956.9659755, "class0": [[376.5988347897161, 892.5382297113777], [364.9349649560095, 880.7325981824887], [377.3694058024944, 891.6440581705148], [361.22114900847436, 912.7155383264405], [384.46455286169845, 899.9819142962456], [403.059176110534, 889.398682784185], [380.89235905779196, 880.4037657260636], [377.5769805719047, 892.8335343148427], [356.8978488569913, 877.7710445665912], [394.9099441614225, 886.962253252826], [376.77899742785144, 892.5180354695864], [393.66945397556117, 900.6721736172619], [378.8026846316701, 897.0889299200583], [376.6302156647839, 892.5125325828249], [370.6351415036065, 896.2381770979614], [379.97353626099164, 900.1089698631807], [381.02326753201123, 887.4410494102236], [386.357679037525, 912.9037829165724], [378.7833404830132, 890.4510484252255], [380.6969858766978, 901.1029459527701], [367.7825041698794, 911.5030833941831], [382.9501462748756, 865.9906846723711], [368.6879285306085, 875.4834678550402], [383.5629248584733, 895.4079208027156], [356.29302447993643, 898.449203979194], [390.96046216959843, 902.1135161341729], [398.1244054371169, 896.563600630844], [368.70836660955774, 866.3826677495325], [364.2781076488578, 878.9217076751881], [371.56168486304796, 899.9038888122506], [371.98162609412054, 890.8215686052819], [375.3278247926383, 891.4115173476873], [389.8342087667575, 891.5089663213762], [393.2182386496208, 885.23849263926], [364.2286061243015, 879.5806486528397], [362.3115042138576, 899.3478783775039], [372.7728149822083, 886.1282308768688], [381.21213817004883, 886.5212772837606], [379.89966658313057, 903.4965937695409], [366.7582798148477, 907.9994551619745], [366.4348655719089, 889.7545662977283], [372.5386053121295, 891.9367152145827], [366.59014193708083, 878.2491756341788], [368.8034426244377, 886.1219001880247], [376.5524759529372, 892.484389079888], [379.23534758285666, 895.2458285868848], [361.54950882575844, 911.6699716546585], [377.0566793283508, 894.8007397613443], [395.31631414589236, 874.2430142122618]], "class1": [[298.67225143167906, 839.9345532755672], [301.70434325963646, 843.1306417301847], [275.59957303464694, 834.7020504206091], [286.83666437408016, 851.2100600959794], [300.59844294702293, 816.0743963252334], [298.96359035490116, 839.3337359958772], [323.3038916829476, 833.9600473126006], [296.87109903953376, 867.6100684537859], [295.5124452106807, 838.0937299259411], [323.5460261941187, 854.2870870764134], [298.837015045323, 841.5560914690305], [287.0434383014838, 853.654906705454], [312.66914285734265, 847.8164198822658], [300.8657067309277, 825.413529224162], [319.52204395988036, 828.8853434251785], [283.3162789042919, 853.2412263595503], [288.8769410478327, 822.9381704211747], [298.226663792541, 832.7062830632577], [292.13685436407593, 830.3548356813627], [283.43347119071035, 825.3161899140024], [285.32054201309, 835.8401548931173], [278.8059519709568, 850.3833218265266], [309.8213227073899, 853.1401098343031], [314.4908685710558, 855.598542639665], [311.0662789803123, 839.9795097965579], [293.73362008782107, 838.98946853773], [285.4024236576836, 828.1029517872738], [303.6851191720682, 858.2957103987942], [301.8445403177829, 840.7206805006889], [302.130534704072, 846.0077117820592], [299.00956937269723, 841.3315693257174], [298.794126688076, 842.2234730564405], [298.4373814860887, 867.181798641061], [286.42079702662335, 815.5976427647086], [301.4309211346906, 864.4762082523315], [298.4912531188463, 839.7809418404119], [292.15245368775044, 866.9185494877895], [296.6549625054099, 843.8133623844053], [298.0674009011022, 840.7949011089958], [300.904974218404, 850.2301061904495], [273.96294004426125, 828.8797409300328]], "class2": [[494.0783182805615, 810.5534133914551], [495.04806577703914, 811.4225463335247], [510.2129629694738, 796.2073775161604], [487.1173954852638, 808.649629837088], [495.1220773177798, 806.8768561774586], [501.3898251730678, 802.2224814812547], [479.1496348730955, 797.835655534197], [506.8065282992067, 811.9503247235497], [496.114771502394, 791.6184832923765], [516.9933152607709, 801.417169833323], [493.2946944117013, 786.7665322138873], [487.85101011836656, 804.3687407025243], [504.9755158635935, 805.5563652911279], [509.6199943133348, 793.5186150512224], [494.59500860528004, 790.0576373879472], [492.7465544851657, 804.6147210367168], [477.81364241381465, 824.5242844452051], [487.5336549259384, 822.2407309299492], [498.8122985356625, 808.385253329939], [508.67327719311817, 814.6771157661208], [477.90536547117557, 827.1578544024848], [493.7762891861689, 808.5453240039246], [495.5120530014579, 813.6944451924726], [507.56560237591754, 811.0443540748333], [494.138993115203, 810.4455802059753], [512.5916497504776, 825.9279585444928], [485.3670281259426, 833.921245585767], [493.49393474578676, 783.9087120831122], [506.0943466867724, 822.846104045218], [483.10070006462513, 799.3235748842966], [504.94837338361685, 806.3535606101702], [498.03323394400763, 807.4309221028611], [494.2782708846262, 829.3639601300132], [495.85091534953204, 801.2614948844324], [483.3339776241218, 799.2387366426757], [490.9176398318407, 811.4733006145774], [504.26895790299335, 821.3272924683173], [510.53442492814617, 817.9398460095132], [509.76279435830156, 794.9710440619706], [477.35630213526935, 813.4965951151918], [493.9621377151459, 810.3283337117061], [503.76234595216533, 796.5149271763615], [482.6879605253239, 821.060236168423], [490.8565595984748, 793.3515137503063], [510.7665024223439, 805.435222793624], [491.642291142468, 796.4338141394579], [485.9306358893149, 805.137623907583], [490.99713584191204, 808.2032267295141], [494.52824018531027, 810.9390960585774], [500.80004170478077, 807.6318383540203]], "class3": [[356.95279906088035, 752.4041712297426], [363.02380296993374, 741.6079506955824], [350.21738186573805, 752.8801611238438], [366.10387191953055, 763.4138404409126], [353.88790028263827, 745.5231213313695], [354.7484108373852, 751.245463548873], [359.9478196870313, 754.0603099528378], [361.0985817961462, 756.5099929572552], [361.03418366400143, 739.5403650142428], [357.2912157491956, 753.4656897493101], [350.0597572165246, 747.6342218981011], [347.77744870321686, 734.9454196511333], [356.05212532731707, 752.4025387995632], [356.85865822358534, 752.4640225915788], [369.2778079370072, 749.8188800341385], [362.8074054317011, 735.8427722586416], [357.88223985985076, 767.4167975853354], [346.25371486286343, 755.426658056766], [343.8245488298724, 770.7670535306172], [335.1991017647886, 755.2572909930997], [352.67767662397614, 742.639146360015], [362.810520062756, 741.1265373154009], [356.9551073441449, 752.3227459139941], [351.28144535812226, 748.1469443068906], [357.4724385667304, 732.1376429560698], [366.8403785876648, 756.5951757117376], [360.5261443570317, 757.2556410951432], [356.41251378840366, 750.4943763868973], [347.6203238248753, 737.4740388723279], [349.383487595709, 766.49245332535], [346.63663964862985, 761.8245728552265], [344.7419714660389, 755.9631775698233], [369.0706735896446, 735.5311229814156], [339.99352451023293, 766.7566654475055], [372.8726390753808, 738.4451293549424], [355.2766351334691, 758.8684459780659], [365.38069178567923, 739.682777674857], [355.48506464282696, 745.6026447672923], [338.3939633798004, 760.1051791933874], [340.4167010811822, 746.3584606548943], [370.33816071137306, 752.502614889146], [369.8459341740505, 743.5115149641168], [372.80385588545704, 749.1811077784633], [377.65566025739383, 756.3656606213474]],