{"dimenision": 2, "seed": 50, "classes": ["class0", "class1", "class2", "class3"], "class0": [[-6.714948615841199, -637.3757904078893], [-1.3771614392206795, -642.083440099445], [-5.369054248099034, -640.5395223696429], [-2.6961136018210308, -631.4487015925051], [-10.771236817860865, -631.2153431422612], [3.175578598557549, -627.1317351090728], [3.6719629840797507, -625.8121136081861], [3.981578885961391, -627.7023231901032], [-8.19282579093401, -643.1589794196699], [-4.563922706828883, -636.3750236301754], [6.849626900654205, -644.9342875416872], [-7.517975275642789, -641.9990468836642], [2.6306334756344834, -647.8038119129328], [3.2902450176429996, -621.0678567030658], [-3.825018067433322, -626.6326483930582], [7.512311422878773, -625.8127742668918], [-18.1001926379408, -635.2366822631047], [-17.73482226772663, -640.9583020181576], [-16.0445074487504, -646.6623369765668], [-10.204533724559832, -618.6308667806746], [-3.016999224154764, -633.9700964600711], [-5.212085676084992, -640.0516258232534], [-7.04412878189491, -638.051152137834], [-6.647249562695305, -635.6113275756032], [-12.93346942606766, -627.2911418752334], [-13.950237038844103, -654.3046015086394], [-9.105710160370293, -645.1458354233622], [-1.773992772269839, -646.008283290699], [-4.774908849976482, -644.210442741135], [-15.177199987123924, -629.370220307617], [-6.8210076874929655, -647.0122639583067], [-5.256233827701154, -638.7018536883651], [-8.650402521543324, -639.9338545619441], [-20.090846865777465, -620.5534861252837], [-12.119201750884177, -637.3740129846085], [3.095523808608058, -625.1935679797285], [-16.404089708558832, -637.4973734037196], [-6.629273326962423, -637.9703704763604], [-4.412711369009021, -630.2160397556174], [-9.80692839357817, -648.9259008463015], [-3.8943817150790414, -637.5511745835786], [-18.53544928251932, -626.657653629734], [-9.460904398335705, -637.2121747012511], [-5.870017055451106, -644.0577642350191], [-9.395311770468505, -643.4156002464676], [2.868528708494975, -652.0714263443134], [14.286925589361914, -632.7142532906921], [-7.229643693570501, -636.398057760578], [-6.220511567895018, -639.9042170272065], [-6.746447503191129, -637.3927145417719], [-14.966505240457302, -621.3550319263286], [-3.0379654444236444, -627.1311072715862], [-0.26665267657978653, -627.5298108606986], [-7.045030430847839, -658.3854030996947], [-9.196462236813998, -641.9238570860446], [5.4015364665752985, -646.4252470397972], [-1.3895169505612568, -619.9013814484729], [-5.988474906932284, -637.832538710567], [-8.358999270702407, -638.4420309344002], [-15.267728857250592, -632.451577766881], [-11.456595074579381, -637.4074434832696], [-7.715513809508688, -638.1825835648089], [-0.676523426837548, -632.0110061035623], [-4.580083053615137, -645.5679200035272], [-4.660495581080833, -639.0228002948735], [-7.7777247922582005, -651.3805750396236], [12.012471849865907, -632.5726661204219], [6.674482790983936, -654.7773251336519], [3.6928858806415894, -635.2521348678746], [5.843955468018758, -645.5495348594105], [-18.72579665136505, -631.0619447314597], [-6.466323685270323, -636.5656054002757], [-13.717930121141263, -640.2510157193014], [-10.557906403087909, -643.0979056601111], [-6.894156350414671, -639.7749819189943], [10.034651406364755, -630.688103154426], [-10.473812641349019, -628.4836933142274], [-6.9734510660467395, -642.0925405819278], [-3.678836963063245, -631.2320933385147], [-6.079236561935964, -637.0652939811873], [-12.058733221792314, -627.0023708193022], [-14.556024080260034, -634.6798058549197], [-12.835710269751317, -630.7768345284743], [7.908968930218015, -651.1067623690666], [-3.3049713074030724, -642.7176152497128], [14.03730090934502, -630.3883285290757], [-21.8364292550675, -640.7411453582798], [2.305713737115819, -632.3612514739066], [-0.459281958371081, -633.4743553849668], [-25.655796140742634, -625.4094138013462], [6.239146034819517, -645.1734611010754], [-20.490490938385914, -636.0397762674527], [-6.036201895755585, -636.2265437852291], [-0.6459319178267409, -638.2283008845658], [-6.800126371444702, -641.8440900428224], [-4.828106256081329, -636.8458366581336]],