{"seed": 1520984232.428063, "class0": [[-22.024946151997796, -23.250941026493006], [-23.42271231583478, -24.47690109078688], [-25.21333302130306, -15.016177065936166], [-16.05968389060109, -39.34057727585605], [-13.792080516633701, -6.3170761510988065], [-31.27597016256604, -8.296214704015775], [-28.563926669845678, -15.902930205294368], [-2.931843147683246, -39.01666856572119], [-17.863546246759746, -38.06567415921129], [-30.355915416196417, -37.32393046910889], [-29.65494531774393, -41.39229664051933], [-4.6318919746884575, -12.620643538099023], [-20.612688832718398, -25.500316845941533], [-6.742117751081903, -18.143000593266194], [-5.499990350995926, -42.183895417967015], [-17.863656495157763, -37.7398097414454], [-34.327443752342404, -29.21702009887272], [-34.60371339023862, -35.26817456279558], [-13.8432604791583, -15.737027065527206], [-21.36230261777151, -22.618024211612898], [-27.81083610821499, -19.389593028430333], [-21.924427022569702, -22.12043152351919], [-20.844950963448817, -19.437622981836036], [-10.243382897464839, -19.190317805053496], [-34.21685312949111, -46.15399792990713], [-37.885392268652055, -9.692465348626488], [-37.88967136976463, -39.348659774238], [0.27901133578181003, -10.549323529915158], [-19.127624621460672, -25.90820150900321], [-24.408455945565315, -25.026467732132954], [-17.67347339142108, -20.396664809106838], [-17.23436585108652, -26.486850641545885], [-20.654191000265122, -5.131551229864641], [-3.9054825970905007, -40.90827416114961], [-10.478157150647123, -16.113918373416762], [-20.20082068446465, -22.545695878751502], [-11.695776123681428, -24.624934178817217], [-28.490573138454746, -28.587712336063937], [-14.405617484501477, -33.238451496032], [-8.305940019852082, -31.942976856783357], [-24.999938386418684, -24.65287343617774], [-4.129396866023502, -19.26207142269221], [-33.36957468435183, -17.747282066265868], [-26.861516107341792, -28.015863340899422], [-40.45811240002152, -31.970785883095534], [-34.12020244161037, -20.149324372225692], [-32.37590555542298, -11.13754670660942]], "class1": [[-119.53803932460528, -119.10740302120213], [-132.44000294543727, -130.53553276240945], [-120.03408500301276, -124.1720493415669], [-113.96165779433379, -121.49530466349539], [-118.44003500001074, -116.82765851309784], [-126.40399228778253, -128.92240575792638], [-100.00326845914532, -129.33371177397925], [-113.59083554824294, -131.12187256997595], [-115.37890377530698, -125.46597114589066], [-108.89579058974455, -126.71759071165843], [-119.94579668371985, -119.61487694099338], [-116.76752812896622, -116.06268426767005], [-128.12144129167592, -111.76754373069674], [-122.06566171346711, -120.74005152925795], [-126.33798407659773, -130.67325355194427], [-117.12966162517735, -124.44185476798614], [-127.60068356621872, -114.06600520545337], [-126.23919339634914, -108.14897968573425], [-126.60196097273413, -116.62780831781578], [-116.16433286982523, -123.14669461787176], [-110.17656610618585, -112.66905607788377], [-128.79552461067357, -106.76791292926119], [-130.32570980411367, -109.23943380656257], [-100.99673140821945, -111.89818652298396], [-122.15597369246404, -122.17011658043546], [-116.39300750786504, -129.68460280565498], [-100.57361170299613, -126.92875265060391], [-114.18820812564596, -121.46786949701135], [-104.90630078162619, -128.46726409132899], [-108.47527332026336, -108.38566327492322], [-107.71493027552303, -116.87683028333146], [-127.67927058525214, -114.69806644742724], [-116.27916890380307, -126.41437500862904], [-119.93693080671297, -117.16413646106608], [-103.11742495531867, -128.66197541085637], [-99.330403171521, -122.87776177935399], [-102.15945662577472, -126.00712918442989], [-113.13725063969092, -123.53246047855423], [-119.1398474450786, -116.08458728088412], [-113.745462144807, -135.0815975945847], [-120.80311843939252, -112.86937324586393], [-124.88925219521883, -130.87589500947703], [-108.88407846989726, -130.2054551489771]]}