{"dimenision": 3, "seed": 1522797384.6364207, "classes": ["class0", "class1", "class2", "class3", "class4"], "class0": [[-475.3715434017963, 427.5281553902836, 2.8691028969380716], [-470.8250286896902, 445.735769858446, -0.5464624378936676], [-475.0515602837826, 427.3741760247819, 3.571772334639322], [-480.43576675231947, 428.8406417972072, 6.978968925974385], [-465.2422729630746, 438.135209553555, 11.468935775347546], [-473.24313815124856, 435.1747671792181, 18.95160367425442], [-471.75727690280314, 423.1849620028886, 7.3280655342986645], [-466.87376552270143, 431.6578979214197, -11.225347316511805], [-475.53744575098, 427.72067181192176, 2.706800862125442], [-465.88079394902087, 419.23830171077907, 6.934706291858907], [-486.2367615753317, 439.20648671414574, 12.744057708685038], [-477.1519267512981, 426.49633804469164, 5.094247846800265], [-482.25523121736927, 425.9175559146993, -11.135493864166772], [-477.6639806281994, 428.65355044490053, 13.007950264922977], [-476.3422802454714, 439.23455140651026, 10.612379716837948], [-471.1560134347102, 422.9658379699035, -5.323879499471481], [-472.28374493349213, 429.305176809023, 0.3428094749875146], [-475.4106744722029, 427.7059177213821, 2.6123694191414537], [-478.44094646520364, 431.5488666596777, 3.1100871330542543], [-491.09802174234244, 418.79349968659903, 12.751693222903974], [-469.30349253389375, 432.4085689317438, 4.239940387832048], [-463.0485279674289, 435.4838945894897, 7.97576132612193], [-474.4852315253713, 422.8429731014298, 16.318908519074178], [-487.4548493996916, 432.9838075487963, -13.944338037337866], [-483.19353998598075, 419.05284459732064, -1.781758121595845], [-461.37511535662594, 413.40057042783417, 4.854768361036873], [-471.6692126634916, 421.01719544082295, 8.855462318196214], [-484.9365156144443, 414.83561065334914, -5.784435962338819], [-485.4805906906472, 431.4617773214992, -8.59053871329624], [-475.20360816689305, 428.7599631915218, 1.8479494223214974], [-471.26779810128625, 425.8640241419571, -4.05006200518989], [-470.48459871998665, 427.1166116184525, 7.221634058415072], [-480.445321400919, 427.2023178818419, 7.4616516347527835], [-455.0987800890591, 421.98356331061956, 6.3483431979014515], [-469.881774764849, 442.4498474684839, -11.804756480001707], [-474.1628427974766, 442.33966926204937, -7.600223362562232], [-474.0582910860345, 427.36990956875746, 1.19687632913049], [-477.75841489422027, 425.27910809592134, 2.8111336832852305], [-471.88911780593753, 430.3781773624108, 2.8867142440757654], [-494.62516939397375, 432.5887994364754, 4.628005986463389], [-491.6765513573928, 435.8275151519064, -7.730199500167565], [-469.2329561898394, 427.90071898856206, -6.672804242717248], [-470.6379613830389, 416.7377570399604, 10.734565494508175], [-473.62222949700373, 420.53905444840586, 1.7289525738131388]], "class1": [[-555.8461859592643, 359.29962266999433, -69.85755320236808], [-543.5869471589405, 343.16028998682293, -69.72264030887456], [-554.9531137251466, 362.9735279680928, -72.23207232020798], [-558.5441068639399, 359.8955847087289, -69.871770647329], [-554.6573291188458, 358.482550958748, -69.55456088858595], [-556.9159417903237, 355.42503365061015, -69.99452803281275], [-562.7687827895953, 351.12557645603243, -70.98973409443495], [-560.3884322281923, 353.5616159705952, -78.83843607576274], [-558.5177278850414, 363.226992100332, -71.41484387126481], [-568.3521243297091, 366.2813422470569, -55.07772576337815], [-555.3255335886605, 355.71008567219184, -77.72383157284683], [-557.7368057668853, 361.05904865748215, -76.26616005319542], [-557.2017657728799, 352.4442550959941, -63.01812475829418], [-545.2535953794751, 365.1388427615557, -61.349729831349876], [-550.3329969625302, 361.1643074127892, -65.22558720612409], [-556.9990615577425, 356.93340422231523, -68.23553730242915], [-548.1199775912745, 366.56982024084374, -68.9612013458072], [-563.1664744592456, 353.7538908084411, -73.78134093223541], [-554.8196053454619, 359.808997312206, -70.54437363067422], [-552.0315397202229, 363.0828718653653, -77.71114111863747], [-547.8878322807011, 366.57379850548296, -60.45801036764749], [-539.3804533731658, 359.6706329320881, -65.14271840046875], [-568.0544965963419, 357.5513359029427, -58.28623104612636], [-545.7604916892839, 351.5890228746667, -76.98349334424042], [-556.5057550707534, 354.481151536898, -61.98777016376698], [-545.4062154998223, 345.9567155686388, -80.59556957497097], [-548.333011847651, 359.67101340408897, -58.99048232944648], [-542.8779396746816, 370.7683218455742, -61.478720649257625], [-566.6269201324036, 344.8037190194518, -73.87531953552862], [-570.2506986499205, 347.56375086713825, -59.942895249033825], [-552.6639412026784, 362.87349962515174, -70.4426364408042], [-558.1366544198094, 357.23282781670713, -68.55425969348319], [-558.4540810559632, 356.9457221441195, -68.79827711094583], [-564.2794839247309, 349.45204414401167, -62.04471854244432], [-560.3330924481461, 361.25052474870984, -71.9055182174374], [-566.1399854884843, 367.0418049075497, -61.98832810240921], [-556.0154115448602, 359.1402106503304, -69.39751111899389], [-553.0666255836564, 357.4822125951354, -63.80090948605712], [-552.820995106081, 358.4416941394971, -68.46768482895989], [-565.6879936514912, 377.159822210844, -66.52983752233554], [-558.9700049908265, 356.3627347503907, -75.41100022679977], [-545.662969861601, 368.6834775562993, -57.39297252561122]],