{"dimenision": 2, "seed": 1524662409.413408, "classes": ["class0", "class1", "class2"], "class0": [[0.511577387520292, 0.3139946397976921], [15.385422024236192, 23.31376891250218], [-9.283003774204579, 1.067014076007013], [11.50965358850755, -10.400403652742051], [6.365420239351587, 6.8357277270443255], [-23.025451807702545, -15.783320571259313], [-5.204225254222958, 4.978503294746451], [-8.83187732229019, -8.698113614284058], [8.866195736168379, 7.848517838347288], [-1.2000324327308125, 0.043763666960572545], [-1.3663596717297273, -2.0506273589400457], [4.181778846643766, 2.308567771124548], [-2.96567778688582, -9.538581919251799], [-1.059911906756383, -11.372858426556853], [-10.573765307834796, -3.003285698659199], [3.9448020520304024, -2.5951090558695094], [-3.512470713302866, -1.3666829677060206], [-1.3031978844660446, -4.870948204246276], [6.477722611805977, 6.880584670721415], [10.996868335286612, -12.415066404287488], [-19.18985352962426, 8.855696525275164], [-3.0906074493512605, -4.864994578887616], [0.3044526972483102, 0.5168293107554706], [-3.690370877851838, -21.200232174624222], [-9.14052305695487, -7.5402538375256105], [14.313441526829383, -11.380609197602386], [14.768648992081934, 13.792849984714485], [4.549914338860414, -17.65741336572395], [-9.090561120798371, 9.944084902215556], [24.065421101728482, 11.895839131414089], [-1.474034815036839, 2.758235205215906], [-9.209239834395783, 22.117987677537805], [3.6874370567341623, 0.9252473607483451], [8.549213481940313, -3.8846897239949234], [0.4942616328936297, 0.4117445697278813], [-0.2469150689315036, -23.42449552745559], [7.702016779592752, 12.078183477928375], [-2.883327176139372, 27.221065630947113], [4.584587567601578, -2.696210213551245], [-23.81119059775851, -13.78968032780583], [10.928471750698812, 12.209310800642735], [15.39991850696924, 23.735142113926205], [11.319312184772173, -11.937880198142912], [-2.4997022979758654, -4.014044666357831], [20.192794089011244, 15.72159351225892], [12.621048255441783, 0.9244577687467916]], "class1": [[-40.79694176613876, 12.241639330972589], [-48.889592325450835, 19.01862505070317], [-40.84335193942935, 12.206383186389273], [-37.805796186686436, 14.75512269906886], [-42.2315365306809, 13.633721402647325], [-35.88060056472045, 14.509536413419358], [-54.3879496196643, -5.932460688974874], [-60.43842945700506, 27.219472300276003], [-43.86858866518839, 15.9417770009984], [-40.649289237754175, 13.307645708024031], [-18.311134331741208, 1.9643383111694828], [-67.15508291351836, 15.709317367763045], [-52.980368152680434, 18.95601955113365], [-46.85110784166568, 9.631572241695494], [-32.6392677070305, 9.059639577846937], [-46.22355370868865, 6.143110263997255], [-43.8522431271483, 13.613413847164562], [-31.570190422617145, 27.76105872999754], [-35.440519116495025, -1.7725841203525352], [-39.25830496695292, 14.271860749799696], [-40.84228568421721, 12.163903161953911], [-38.84709731628094, 18.538813598813228], [-48.56103666489575, 20.73779173930771], [-64.49643317383153, 26.214955565333966], [-47.963691026873434, 20.537061755795914], [-27.063593966223195, -9.292996028132954], [-41.82275002833661, 14.917090368000553], [-24.964066236426646, -7.557442133342786], [-52.79219722634664, 10.066246109203764], [-22.008023509424476, -1.2136464053893938], [-37.76685991387953, 1.9249641199410554], [-46.65429965931798, 1.1739885862512498], [-44.12294342108005, 16.54296766191472], [-39.9252215288294, 4.84879217840394], [-65.9011375016886, 1.2286805815034008], [-33.38179222422262, 16.965313105873605], [-44.035223863116414, 16.52385670189883], [-46.45598002003097, 7.419248914923409], [-20.998829668005595, -3.0408731796031123], [-51.27968096056691, -0.5705456136047626], [-46.234977222361444, 34.889663694671526], [-55.24991756948063, -5.213197135998083], [-29.277513177115658, 37.46801631814991]], "class2": [[-32.02595614558413, -26.927576243781957], [-41.93420291387933, -7.983446388956022], [-14.94877878457067, -27.202432735325946], [-19.290309502308567, -41.080869000686135], [-32.05714790400498, -27.185045152680807], [-30.582141693290097, -37.11422002782387], [-23.98916910394495, -9.903159569300698], [-48.06540329514594, -22.65693022157639], [-15.712159684516418, -28.77218571778351], [-21.00185901572341, -22.725042629272696], [-27.64304010135959, -43.78835072033251], [-26.524713385559302, -27.073789834765297], [-33.470465815381594, -0.9634199338607594], [-30.859726126366233, -22.533248742503467], [-34.59315102077942, -34.731737619742724], [-31.117047966533796, -41.467251258658365], [-22.028591268976477, -42.89236706284183], [-27.61403997783767, -39.72777626213951], [-29.3175268418429, -33.22802905812618], [-50.63159132069405, -42.37793297684796], [-37.5466490543283, -37.29744454300315], [-32.80199442006294, -49.123112226567976], [-21.883402515984066, -9.786611657671113], [-48.9641538996263, -29.5464104918117], [-23.038515716977876, -34.330809176434485], [-26.39013417794339, -36.90564845613994], [-44.09257932760182, -32.46131119202426], [-30.976779848380637, -27.07642457680189], [-54.983066812243855, -23.235577813457407], [-29.903463070437393, -8.483649097650144], [-20.142147825100913, -46.25946024068307], [-20.42128135154136, -47.770751543377685], [-46.269499406545336, -39.229868452511596], [-38.63826017475314, -34.73873619907956], [-19.135906501826533, -37.731114822489545], [-30.43575200234932, -22.141306744347435], [-39.641824695780166, -40.16719952517677], [-33.96509844119069, -51.91985657657561], [-17.386481392366534, -42.95103292953446], [-20.784515109381807, -29.24051099185767], [-27.545573070792138, -23.98531091439446], [-12.636881999348581, -40.36718306345262], [-40.1074200468607, -6.917032225718891], [-35.45498215743038, -23.584983007860803], [-30.386416800886252, -25.401534132036637], [-26.541074019122288, -22.766962065048606], [-36.12806781468821, -28.71064090893764], [-35.08779306526711, -24.344812189744076]]}